"house_id","listing","property_type","city","zone","area","latitude","longitude","plot_area","built_up_area","bedrooms","balconies","bathrooms","total_floors","X1bhk","X2bhk","X3bhk","parking","price","availability","transaction_type","on_loan","negotiable","water_source","site_facing","door_facing","flooring_type","furnishing","year_of_construction","score_neighborhood"
1,"sell","apartment","bangalore","South Bangalore","electronic_city",12.84930525,77.68780134,1000,924,"2","2","1","NA","NA","NA","NA","covered",4536000,"ready_to_move","resale","yes","yes","bore_well","west","north","vitrified_tiles","semi",2013,2.857142857
2,"sell","apartment","bangalore","South Bangalore","electronic_city",12.86345527,77.69188146,1100,1042,"2","2","1","NA","NA","NA","NA","covered",5115272.727,"ready_to_move","new","no","yes","both","north","west","vitrified_tiles","semi",2008,0
3,"sell","apartment","bangalore","South Bangalore","electronic_city",12.83656231,77.69045823,1800,1749,"3","1","2","NA","NA","NA","NA","covered",8586000,"ready_to_move","resale","yes","yes","both","west","west","vitrified_tiles","semi",2014,5
4,"sell","apartment","bangalore","South Bangalore","electronic_city",12.8279755,77.65959991,1800,1742,"3","1","2","NA","NA","NA","NA","open",8551636.364,"ready_to_move","resale","yes","yes","both","west","south","vitrified_tiles","semi",2015,0.714285714
5,"sell","apartment","bangalore","South Bangalore","electronic_city",12.80708,77.68092202,500,420,"1","1","1","NA","NA","NA","NA","covered",2061818.182,"ready_to_move","resale","yes","yes","both","east","south","vitrified_tiles","semi",2008,0.714285714
6,"sell","apartment","bangalore","South Bangalore","electronic_city",12.85201053,77.68337516,1500,1448,"3","1","2","NA","NA","NA","NA","covered",7108363.636,"ready_to_move","resale","yes","yes","both","north","east","marble","semi",2014,1.428571429
7,"sell","apartment","bangalore","South Bangalore","electronic_city",12.86903369,77.66109536,1200,1124,"2","2","1","NA","NA","NA","NA","covered",5517818.182,"ready_to_move","resale","yes","yes","both","east","west","vitrified_tiles","semi",2008,5.714285714
8,"sell","independent_house","bangalore","South Bangalore","electronic_city",12.81092876,77.68963807,1200,3000,"NA","NA","NA","3","1","2","0","open",11250000,"ready_to_move","new","yes","yes","both","east","north","vitrified_tiles","semi",2008,1.428571429
9,"sell","independent_house","bangalore","South Bangalore","electronic_city",12.85074579,77.69096701,1000,1000,"NA","NA","NA","1","0","1","0","covered",3750000,"ready_to_move","resale","yes","yes","both","south","east","vitrified_tiles","semi",2011,0
10,"sell","independent_house","bangalore","South Bangalore","electronic_city",12.82176137,77.65786114,1000,3000,"NA","NA","NA","3","1","1","1","covered",11250000,"ready_to_move","resale","no","yes","both","north","north","vitrified_tiles","semi",2009,3.571428571
11,"sell","independent_house","bangalore","South Bangalore","electronic_city",12.85691813,77.65641707,1000,2500,"NA","NA","NA","3","1","2","0","covered",9375000,"ready_to_move","resale","yes","yes","both","north","south","vitrified_tiles","semi",2008,1.428571429
12,"sell","independent_house","bangalore","South Bangalore","electronic_city",12.82967695,77.65709274,1000,1500,"NA","NA","NA","2","1","1","0","open",5625000,"ready_to_move","resale","yes","yes","both","west","east","vitrified_tiles","semi",2007,1.428571429
13,"sell","apartment","bangalore","South Bangalore","jayanagar",12.93014496,77.58736014,1650,1585,"3","1","2","NA","NA","NA","NA","covered",11239090.91,"ready_to_move","resale","yes","yes","both","west","east","vitrified_tiles","semi",2008,10
14,"sell","apartment","bangalore","South Bangalore","jayanagar",12.94449101,77.58491937,1000,948,"2","2","1","NA","NA","NA","NA","covered",6722181.818,"ready_to_move","new","no","yes","both","east","east","marble","semi",2010,5.714285714
15,"sell","apartment","bangalore","South Bangalore","jayanagar",12.91854696,77.5869435,600,549,"1","1","1","NA","NA","NA","NA","covered",3892909.091,"ready_to_move","resale","yes","yes","both","west","north","vitrified_tiles","semi",2011,8.571428571
16,"sell","apartment","bangalore","South Bangalore","jayanagar",12.93401945,77.585121,1000,923,"2","2","1","NA","NA","NA","NA","covered",6544909.091,"ready_to_move","resale","yes","yes","both","north","south","marble","semi",2008,10
17,"sell","apartment","bangalore","South Bangalore","jayanagar",12.93260937,77.58487121,1100,1021,"2","2","1","NA","NA","NA","NA","open",7239818.182,"ready_to_move","resale","yes","yes","both","south","south","vitrified_tiles","semi",2015,10
18,"sell","apartment","bangalore","South Bangalore","jayanagar",12.93690181,77.58717951,1000,950,"2","2","1","NA","NA","NA","NA","open",6736363.636,"ready_to_move","resale","yes","yes","both","east","west","vitrified_tiles","semi",2008,7.857142857
19,"sell","independent_house","bangalore","South Bangalore","jayanagar",12.93294674,77.58498172,600,1200,"NA","NA","NA","2","2","0","0","covered",6500000,"ready_to_move","resale","no","yes","both","north","north","vitrified_tiles","semi",2013,10
20,"sell","independent_house","bangalore","South Bangalore","jayanagar",12.91895147,77.58422024,550,550,"NA","NA","NA","1","1","0","0","covered",2979166.667,"ready_to_move","resale","yes","yes","both","east","north","marble","semi",2007,10
21,"sell","independent_house","bangalore","South Bangalore","jayanagar",12.91539514,77.58581473,1000,3000,"NA","NA","NA","3","1","1","1","covered",16250000,"ready_to_move","new","yes","yes","both","south","north","vitrified_tiles","semi",2007,8.571428571
22,"sell","independent_house","bangalore","South Bangalore","jayanagar",12.91700166,77.58689475,1000,1500,"NA","NA","NA","2","1","1","0","covered",8125000,"ready_to_move","resale","yes","yes","both","west","south","vitrified_tiles","semi",2007,8.571428571
23,"sell","independent_house","bangalore","South Bangalore","jayanagar",12.92526972,77.58464737,1100,3300,"NA","NA","NA","3","1","1","1","open",17875000,"ready_to_move","resale","yes","yes","both","west","west","marble","semi",2014,10
24,"sell","independent_house","bangalore","South Bangalore","jayanagar",12.93117422,77.58409029,550,550,"NA","NA","NA","1","1","0","0","covered",2979166.667,"ready_to_move","resale","yes","yes","both","west","south","vitrified_tiles","semi",2013,10
25,"sell","apartment","bangalore","South Bangalore","indiranagar",12.97365465,77.64379722,1000,939,"2","2","1","NA","NA","NA","NA","covered",6146181.818,"ready_to_move","resale","no","yes","both","east","south","vitrified_tiles","semi",2012,7.857142857
26,"sell","apartment","bangalore","South Bangalore","indiranagar",12.97258735,77.6297372,1500,1435,"3","1","2","NA","NA","NA","NA","covered",9392727.273,"ready_to_move","new","yes","yes","both","north","west","vitrified_tiles","semi",2010,8.571428571
27,"sell","apartment","bangalore","South Bangalore","indiranagar",12.9721252,77.63757834,1200,1148,"2","2","1","NA","NA","NA","NA","covered",7514181.818,"ready_to_move","resale","no","yes","both","east","south","vitrified_tiles","semi",2014,8.571428571
28,"sell","apartment","bangalore","South Bangalore","indiranagar",12.97853393,77.63172115,1800,1739,"3","1","2","NA","NA","NA","NA","open",11382545.45,"ready_to_move","resale","yes","yes","both","west","west","vitrified_tiles","semi",2015,8.571428571
29,"sell","apartment","bangalore","South Bangalore","indiranagar",12.96820261,77.64117689,1000,950,"2","2","1","NA","NA","NA","NA","covered",6218181.818,"ready_to_move","resale","yes","yes","both","west","west","marble","semi",2012,7.142857143
30,"sell","apartment","bangalore","South Bangalore","indiranagar",12.96325225,77.64073831,600,548,"1","1","1","NA","NA","NA","NA","covered",3586909.091,"ready_to_move","new","yes","yes","both","west","east","vitrified_tiles","semi",2012,10
31,"sell","independent_house","bangalore","South Bangalore","indiranagar",12.97802313,77.63038331,1200,1800,"NA","NA","NA","2","1","1","0","covered",9e+06,"ready_to_move","resale","yes","yes","both","west","east","vitrified_tiles","semi",2008,8.571428571
32,"sell","independent_house","bangalore","South Bangalore","indiranagar",12.97792169,77.64238818,1000,2500,"NA","NA","NA","3","1","2","0","covered",12500000,"ready_to_move","resale","yes","yes","both","east","east","vitrified_tiles","semi",2012,8.571428571
33,"sell","independent_house","bangalore","South Bangalore","indiranagar",12.96647966,77.64268852,1200,3600,"NA","NA","NA","3","1","1","1","covered",1.8e+07,"ready_to_move","new","yes","yes","both","west","east","marble","semi",2013,7.857142857
34,"sell","independent_house","bangalore","South Bangalore","indiranagar",12.96280191,77.63225437,1000,3000,"NA","NA","NA","3","1","1","1","open",1.5e+07,"ready_to_move","resale","no","yes","both","east","west","vitrified_tiles","semi",2007,5
35,"sell","independent_house","bangalore","South Bangalore","indiranagar",12.97237731,77.64379143,1000,3000,"NA","NA","NA","3","1","1","1","covered",1.5e+07,"ready_to_move","resale","yes","yes","both","east","north","vitrified_tiles","semi",2013,7.857142857
36,"sell","independent_house","bangalore","South Bangalore","indiranagar",12.96310625,77.63643036,1000,1500,"NA","NA","NA","2","1","1","0","open",7500000,"ready_to_move","resale","yes","yes","both","east","east","vitrified_tiles","semi",2012,10
37,"sell","apartment","bangalore","South Bangalore","kormangala",12.92762434,77.63976223,600,534,"1","1","1","NA","NA","NA","NA","covered",4369090.909,"ready_to_move","resale","yes","yes","both","west","south","vitrified_tiles","semi",2007,7.142857143
38,"sell","apartment","bangalore","South Bangalore","kormangala",12.93998162,77.63920982,1200,1127,"2","2","1","NA","NA","NA","NA","covered",9220909.091,"ready_to_move","resale","no","yes","both","north","east","vitrified_tiles","semi",2013,1.428571429
39,"sell","apartment","bangalore","South Bangalore","kormangala",12.92716295,77.63919013,1500,1438,"3","1","2","NA","NA","NA","NA","open",11765454.55,"ready_to_move","resale","yes","yes","both","west","east","marble","semi",2008,7.142857143
40,"sell","apartment","bangalore","South Bangalore","kormangala",12.92515844,77.61253699,1200,1120,"2","2","1","NA","NA","NA","NA","covered",9163636.364,"ready_to_move","resale","yes","yes","both","east","west","vitrified_tiles","semi",2014,8.571428571
41,"sell","apartment","bangalore","South Bangalore","kormangala",12.94192721,77.63087062,1500,1445,"3","1","2","NA","NA","NA","NA","covered",11822727.27,"ready_to_move","resale","yes","yes","both","north","west","vitrified_tiles","semi",2013,7.142857143
42,"sell","apartment","bangalore","South Bangalore","kormangala",12.93114467,77.644827,600,536,"1","1","1","NA","NA","NA","NA","open",4385454.545,"ready_to_move","new","yes","yes","both","north","west","vitrified_tiles","semi",2010,0
43,"sell","independent_house","bangalore","South Bangalore","kormangala",12.9393213,77.62446554,1000,3000,"NA","NA","NA","3","1","1","1","covered",18750000,"ready_to_move","resale","no","yes","both","west","east","vitrified_tiles","semi",2009,8.571428571
44,"sell","independent_house","bangalore","South Bangalore","kormangala",12.9427878,77.61987819,1100,3300,"NA","NA","NA","3","1","1","1","open",20625000,"ready_to_move","resale","yes","yes","both","west","east","vitrified_tiles","semi",2012,8.571428571
45,"sell","independent_house","bangalore","South Bangalore","kormangala",12.92947764,77.63278127,600,600,"NA","NA","NA","1","1","0","0","covered",3750000,"ready_to_move","resale","yes","yes","both","south","north","vitrified_tiles","semi",2013,8.571428571
46,"sell","independent_house","bangalore","South Bangalore","kormangala",12.94250488,77.64068662,1200,3600,"NA","NA","NA","3","1","1","1","covered",22500000,"ready_to_move","resale","yes","yes","both","east","west","marble","semi",2009,0
47,"sell","independent_house","bangalore","South Bangalore","kormangala",12.92625309,77.63250947,1100,3300,"NA","NA","NA","3","1","1","1","open",20625000,"ready_to_move","resale","yes","yes","both","north","north","vitrified_tiles","semi",2008,8.571428571
48,"sell","independent_house","bangalore","South Bangalore","kormangala",12.94101498,77.63193465,1100,1650,"NA","NA","NA","2","1","1","0","covered",10312500,"ready_to_move","resale","yes","yes","both","west","north","vitrified_tiles","semi",2014,7.142857143
49,"sell","apartment","bangalore","East Bangalore","whitefield",12.96450812,77.72227074,1200,1125,"2","2","1","NA","NA","NA","NA","open",6136363.636,"ready_to_move","new","yes","yes","both","west","south","vitrified_tiles","semi",2008,3.571428571
50,"sell","apartment","bangalore","East Bangalore","whitefield",12.97693276,77.7365378,1650,1577,"3","1","2","NA","NA","NA","NA","covered",8601818.182,"ready_to_move","resale","no","yes","both","south","south","marble","semi",2007,1.428571429
51,"sell","apartment","bangalore","East Bangalore","whitefield",12.95653761,77.75499608,500,424,"1","1","1","NA","NA","NA","NA","covered",2312727.273,"ready_to_move","resale","yes","yes","both","south","north","vitrified_tiles","semi",2008,0
52,"sell","apartment","bangalore","East Bangalore","whitefield",12.94689265,77.72523386,1100,1023,"2","2","1","NA","NA","NA","NA","covered",5580000,"ready_to_move","resale","yes","yes","both","north","east","vitrified_tiles","semi",2012,0
53,"sell","apartment","bangalore","East Bangalore","whitefield",12.97331454,77.71449789,550,492,"1","1","1","NA","NA","NA","NA","covered",2683636.364,"ready_to_move","new","yes","yes","both","east","east","vitrified_tiles","semi",2012,5
54,"sell","apartment","bangalore","East Bangalore","whitefield",12.97040365,77.74296454,500,423,"1","1","1","NA","NA","NA","NA","covered",2307272.727,"ready_to_move","resale","yes","yes","both","west","south","vitrified_tiles","semi",2009,2.857142857
55,"sell","independent_house","bangalore","East Bangalore","whitefield",12.96245723,77.74498405,1200,3000,"NA","NA","NA","3","1","2","0","covered",12500000,"ready_to_move","resale","yes","yes","both","east","south","vitrified_tiles","semi",2007,4.285714286
56,"sell","independent_house","bangalore","East Bangalore","whitefield",12.95904816,77.7404837,1000,2500,"NA","NA","NA","2","0","1","1","open",10416666.67,"ready_to_move","resale","yes","yes","both","north","east","vitrified_tiles","semi",2012,6.428571429
57,"sell","independent_house","bangalore","East Bangalore","whitefield",12.9579878,77.73385255,1100,3850,"NA","NA","NA","4","1","3","0","covered",16041666.67,"ready_to_move","resale","yes","yes","both","east","north","vitrified_tiles","semi",2012,5
58,"sell","independent_house","bangalore","East Bangalore","whitefield",12.96925435,77.71557104,1000,2500,"NA","NA","NA","3","1","2","0","covered",10416666.67,"ready_to_move","resale","yes","yes","both","west","east","vitrified_tiles","semi",2008,6.428571429
59,"sell","independent_house","bangalore","East Bangalore","whitefield",12.96816604,77.7122231,1200,2400,"NA","NA","NA","3","2","1","0","covered",1e+07,"ready_to_move","resale","no","yes","both","east","north","marble","semi",2008,7.142857143
60,"sell","independent_house","bangalore","East Bangalore","whitefield",12.96557169,77.75336937,1200,1800,"NA","NA","NA","2","1","1","0","open",7500000,"ready_to_move","resale","yes","yes","both","north","south","vitrified_tiles","semi",2011,6.428571429
61,"sell","apartment","bangalore","East Bangalore","marathalli",12.94737004,77.71393651,1500,1433,"3","1","2","NA","NA","NA","NA","covered",10942909.09,"ready_to_move","new","yes","yes","both","south","north","vitrified_tiles","semi",2008,7.857142857
62,"sell","apartment","bangalore","East Bangalore","marathalli",12.96809473,77.71338036,600,542,"1","1","1","NA","NA","NA","NA","open",4138909.091,"ready_to_move","resale","yes","yes","both","east","west","vitrified_tiles","semi",2007,7.142857143
63,"sell","apartment","bangalore","East Bangalore","marathalli",12.96671268,77.71479456,1800,1744,"3","1","2","NA","NA","NA","NA","open",13317818.18,"ready_to_move","resale","no","yes","both","west","west","vitrified_tiles","semi",2012,8.571428571
64,"sell","apartment","bangalore","East Bangalore","marathalli",12.94676287,77.72544894,600,549,"1","1","1","NA","NA","NA","NA","covered",4192363.636,"ready_to_move","resale","yes","yes","both","south","south","vitrified_tiles","semi",2010,0
65,"sell","apartment","bangalore","East Bangalore","marathalli",12.9664805,77.73628141,1000,934,"2","2","1","NA","NA","NA","NA","covered",7132363.636,"ready_to_move","resale","yes","yes","both","west","north","vitrified_tiles","semi",2014,1.428571429
66,"sell","apartment","bangalore","East Bangalore","marathalli",12.94913054,77.74051013,1000,947,"2","2","1","NA","NA","NA","NA","covered",7231636.364,"ready_to_move","resale","yes","yes","both","north","west","vitrified_tiles","semi",2015,0
67,"sell","independent_house","bangalore","East Bangalore","marathalli",12.9537716,77.70462234,1100,1100,"NA","NA","NA","1","0","1","0","covered",6416666.667,"ready_to_move","resale","yes","yes","both","east","east","vitrified_tiles","semi",2007,8.571428571
68,"sell","independent_house","bangalore","East Bangalore","marathalli",12.95132293,77.73982595,1200,3600,"NA","NA","NA","3","1","1","1","covered",2.1e+07,"ready_to_move","new","yes","yes","both","west","south","marble","semi",2008,0
69,"sell","independent_house","bangalore","East Bangalore","marathalli",12.96486193,77.71577197,1000,1000,"NA","NA","NA","1","0","1","0","covered",5833333.333,"ready_to_move","new","yes","yes","both","north","north","vitrified_tiles","semi",2012,7.857142857
70,"sell","independent_house","bangalore","East Bangalore","marathalli",12.96937991,77.7042427,1000,3000,"NA","NA","NA","3","1","1","1","covered",17500000,"ready_to_move","resale","yes","yes","both","south","south","vitrified_tiles","semi",2012,6.428571429
71,"sell","independent_house","bangalore","East Bangalore","marathalli",12.95749804,77.72073457,500,500,"NA","NA","NA","1","1","0","0","covered",2916666.667,"ready_to_move","resale","yes","yes","both","west","west","marble","semi",2012,8.571428571
72,"sell","independent_house","bangalore","East Bangalore","marathalli",12.95759012,77.737251,1200,3600,"NA","NA","NA","3","1","1","1","covered",2.1e+07,"ready_to_move","resale","yes","yes","both","north","south","vitrified_tiles","semi",2009,5
73,"sell","apartment","bangalore","South Bangalore","btmlayout",12.90490437,77.60578579,1800,1737,"3","1","2","NA","NA","NA","NA","covered",12790636.36,"ready_to_move","resale","yes","yes","both","south","south","vitrified_tiles","semi",2010,8.571428571
74,"sell","apartment","bangalore","South Bangalore","btmlayout",12.9240787,77.6046176,1200,1145,"2","2","1","NA","NA","NA","NA","open",8431363.636,"ready_to_move","resale","no","yes","both","east","east","vitrified_tiles","semi",2011,7.142857143
75,"sell","apartment","bangalore","South Bangalore","btmlayout",12.90957369,77.6046258,500,425,"1","1","1","NA","NA","NA","NA","covered",3129545.455,"ready_to_move","resale","yes","yes","both","east","west","vitrified_tiles","semi",2012,8.571428571
76,"sell","apartment","bangalore","South Bangalore","btmlayout",12.91943214,77.60917291,600,544,"1","1","1","NA","NA","NA","NA","covered",4005818.182,"ready_to_move","resale","yes","yes","both","south","north","marble","semi",2014,8.571428571
77,"sell","apartment","bangalore","South Bangalore","btmlayout",12.90717231,77.60261241,1000,949,"2","2","1","NA","NA","NA","NA","open",6988090.909,"ready_to_move","resale","yes","yes","both","west","east","vitrified_tiles","semi",2008,8.571428571
78,"sell","apartment","bangalore","South Bangalore","btmlayout",12.91715209,77.6087555,1200,1125,"2","2","1","NA","NA","NA","NA","covered",8284090.909,"ready_to_move","new","yes","yes","both","west","north","vitrified_tiles","semi",2008,8.571428571
79,"sell","independent_house","bangalore","South Bangalore","btmlayout",12.91858398,77.60957533,1000,2500,"NA","NA","NA","3","1","2","0","covered",14062500,"ready_to_move","resale","yes","yes","both","east","west","vitrified_tiles","semi",2007,8.571428571
80,"sell","independent_house","bangalore","South Bangalore","btmlayout",12.9125661,77.60153824,1000,1000,"NA","NA","NA","1","0","1","0","open",5625000,"ready_to_move","new","yes","yes","both","west","east","vitrified_tiles","semi",2007,8.571428571
81,"sell","independent_house","bangalore","South Bangalore","btmlayout",12.92112539,77.60149114,1200,1200,"NA","NA","NA","1","0","1","0","covered",6750000,"ready_to_move","resale","yes","yes","both","north","north","vitrified_tiles","semi",2008,8.571428571
82,"sell","independent_house","bangalore","South Bangalore","btmlayout",12.91860535,77.6079771,1200,3600,"NA","NA","NA","3","1","1","1","open",20250000,"ready_to_move","resale","no","yes","both","west","east","marble","semi",2008,8.571428571
83,"sell","independent_house","bangalore","South Bangalore","btmlayout",12.90863917,77.60358257,1200,1800,"NA","NA","NA","2","1","1","0","covered",10125000,"ready_to_move","resale","yes","yes","both","south","west","vitrified_tiles","semi",2007,8.571428571
84,"sell","independent_house","bangalore","South Bangalore","btmlayout",12.90767932,77.60134779,1000,2500,"NA","NA","NA","3","1","2","0","open",14062500,"ready_to_move","resale","yes","yes","both","west","north","vitrified_tiles","semi",2015,7.857142857
85,"sell","apartment","bangalore","South Bangalore","jpnagar",12.87768188,77.55845652,1500,1437,"3","1","2","NA","NA","NA","NA","covered",9405818.182,"ready_to_move","resale","yes","yes","both","south","east","vitrified_tiles","semi",2008,2.857142857
86,"sell","apartment","bangalore","South Bangalore","jpnagar",12.88201507,77.58596052,1200,1148,"2","2","1","NA","NA","NA","NA","covered",7514181.818,"ready_to_move","new","no","yes","both","east","east","marble","semi",2012,8.571428571
87,"sell","apartment","bangalore","South Bangalore","jpnagar",12.87370365,77.56266609,500,424,"1","1","1","NA","NA","NA","NA","covered",2775272.727,"ready_to_move","resale","yes","yes","both","north","east","marble","semi",2007,2.857142857
88,"sell","apartment","bangalore","South Bangalore","jpnagar",12.87706506,77.57505799,1200,1128,"2","2","1","NA","NA","NA","NA","covered",7383272.727,"ready_to_move","resale","yes","yes","both","east","east","vitrified_tiles","semi",2008,2.857142857
89,"sell","apartment","bangalore","South Bangalore","jpnagar",12.90539879,77.55972953,550,497,"1","1","1","NA","NA","NA","NA","covered",3253090.909,"ready_to_move","resale","yes","yes","both","north","north","vitrified_tiles","semi",2007,10
90,"sell","apartment","bangalore","South Bangalore","jpnagar",12.90688532,77.57869103,1000,921,"2","2","1","NA","NA","NA","NA","covered",6028363.636,"ready_to_move","new","yes","yes","both","west","west","marble","semi",2008,8.571428571
91,"sell","independent_house","bangalore","South Bangalore","jpnagar",12.88263667,77.56282653,1200,2400,"NA","NA","NA","3","2","1","0","covered",1.2e+07,"ready_to_move","resale","yes","yes","both","east","east","vitrified_tiles","semi",2010,3.571428571
92,"sell","independent_house","bangalore","South Bangalore","jpnagar",12.89971272,77.5927048,1200,1200,"NA","NA","NA","1","0","1","0","covered",6e+06,"ready_to_move","resale","yes","yes","both","west","north","vitrified_tiles","semi",2015,4.285714286
93,"sell","independent_house","bangalore","South Bangalore","jpnagar",12.88088071,77.5758899,1100,3300,"NA","NA","NA","3","1","1","1","covered",16500000,"ready_to_move","resale","no","yes","both","north","east","vitrified_tiles","semi",2012,2.142857143
94,"sell","independent_house","bangalore","South Bangalore","jpnagar",12.89619126,77.56862747,1200,3600,"NA","NA","NA","4","2","2","0","covered",1.8e+07,"ready_to_move","new","yes","yes","both","south","east","vitrified_tiles","semi",2010,6.428571429
95,"sell","independent_house","bangalore","South Bangalore","jpnagar",12.90891809,77.58125757,1000,3000,"NA","NA","NA","3","1","1","1","open",1.5e+07,"ready_to_move","resale","yes","yes","both","east","east","marble","semi",2008,7.142857143
96,"sell","independent_house","bangalore","South Bangalore","jpnagar",12.89979585,77.57907346,1100,2750,"NA","NA","NA","3","1","2","0","covered",13750000,"ready_to_move","resale","yes","yes","both","south","west","vitrified_tiles","semi",2014,2.857142857
97,"sell","apartment","bangalore","South Bangalore","hsrlayout",12.9167507,77.64395403,1100,1027,"2","2","1","NA","NA","NA","NA","covered",6722181.818,"ready_to_move","new","yes","yes","both","north","north","vitrified_tiles","semi",2012,7.857142857
98,"sell","apartment","bangalore","South Bangalore","hsrlayout",12.91734738,77.65633528,1100,1050,"2","2","1","NA","NA","NA","NA","covered",6872727.273,"ready_to_move","resale","no","yes","both","south","north","vitrified_tiles","semi",2007,3.571428571
99,"sell","apartment","bangalore","South Bangalore","hsrlayout",12.91648008,77.64103117,1650,1591,"3","1","2","NA","NA","NA","NA","covered",10413818.18,"ready_to_move","resale","yes","yes","both","north","south","vitrified_tiles","semi",2009,6.428571429
100,"sell","apartment","bangalore","South Bangalore","hsrlayout",12.91711462,77.65213223,1200,1125,"2","2","1","NA","NA","NA","NA","covered",7363636.364,"ready_to_move","resale","yes","yes","both","north","north","vitrified_tiles","semi",2015,8.571428571
101,"sell","apartment","bangalore","South Bangalore","hsrlayout",12.91577711,77.63260568,500,437,"1","1","1","NA","NA","NA","NA","covered",2860363.636,"ready_to_move","new","yes","yes","both","east","west","vitrified_tiles","semi",2008,10
102,"sell","apartment","bangalore","South Bangalore","hsrlayout",12.91560402,77.66007437,1650,1575,"3","1","2","NA","NA","NA","NA","open",10309090.91,"ready_to_move","resale","yes","yes","both","south","east","marble","semi",2007,0
103,"sell","independent_house","bangalore","South Bangalore","hsrlayout",12.91752345,77.64193618,1000,2000,"NA","NA","NA","3","2","1","0","covered",1e+07,"ready_to_move","new","yes","yes","both","west","west","vitrified_tiles","semi",2009,5.714285714
104,"sell","independent_house","bangalore","South Bangalore","hsrlayout",12.91777404,77.63913632,1200,3000,"NA","NA","NA","3","1","2","0","covered",1.5e+07,"ready_to_move","resale","no","yes","both","south","north","vitrified_tiles","semi",2007,5.714285714
105,"sell","independent_house","bangalore","South Bangalore","hsrlayout",12.91719707,77.64226493,1200,2400,"NA","NA","NA","3","2","1","0","covered",1.2e+07,"ready_to_move","resale","yes","yes","both","west","west","marble","semi",2012,5.714285714
106,"sell","independent_house","bangalore","South Bangalore","hsrlayout",12.91629602,77.63829752,1000,2500,"NA","NA","NA","2","0","1","1","covered",12500000,"ready_to_move","resale","yes","yes","both","north","east","vitrified_tiles","semi",2008,8.571428571
107,"sell","independent_house","bangalore","South Bangalore","hsrlayout",12.91541407,77.64280858,1000,3000,"NA","NA","NA","4","2","2","0","covered",1.5e+07,"ready_to_move","resale","no","yes","both","east","east","vitrified_tiles","semi",2008,7.142857143
108,"sell","independent_house","bangalore","South Bangalore","hsrlayout",12.91825704,77.66102299,1000,1500,"NA","NA","NA","2","1","1","0","covered",7500000,"ready_to_move","new","yes","yes","both","north","south","vitrified_tiles","semi",2008,0.714285714
109,"sell","apartment","bangalore","West Bangalore","bellandur",12.93760047,77.68568891,1100,1044,"2","2","1","NA","NA","NA","NA","covered",5694545.455,"ready_to_move","resale","yes","yes","both","west","east","vitrified_tiles","semi",2007,2.857142857
110,"sell","apartment","bangalore","West Bangalore","bellandur",12.92553827,77.67588894,1200,1144,"2","2","1","NA","NA","NA","NA","open",6240000,"ready_to_move","resale","yes","yes","both","north","east","vitrified_tiles","semi",2008,8.571428571
111,"sell","apartment","bangalore","West Bangalore","bellandur",12.94190151,77.68490195,1100,1038,"2","2","1","NA","NA","NA","NA","covered",5661818.182,"ready_to_move","resale","no","yes","both","west","south","marble","semi",2014,0
112,"sell","apartment","bangalore","West Bangalore","bellandur",12.93014646,77.66253611,1800,1745,"3","1","2","NA","NA","NA","NA","covered",9518181.818,"ready_to_move","resale","yes","yes","both","north","north","vitrified_tiles","semi",2008,1.428571429
113,"sell","apartment","bangalore","West Bangalore","bellandur",12.93775977,77.68613943,1100,1021,"2","2","1","NA","NA","NA","NA","open",5569090.909,"ready_to_move","new","yes","yes","both","south","west","vitrified_tiles","semi",2012,2.857142857
114,"sell","apartment","bangalore","West Bangalore","bellandur",12.91832696,77.66600069,1200,1127,"2","2","1","NA","NA","NA","NA","covered",6147272.727,"ready_to_move","resale","no","yes","both","south","east","marble","semi",2008,5.714285714
115,"sell","independent_house","bangalore","West Bangalore","bellandur",12.93667169,77.67100839,1200,3600,"NA","NA","NA","3","1","1","1","covered",1.5e+07,"ready_to_move","new","yes","yes","both","north","south","vitrified_tiles","semi",2008,0
116,"sell","independent_house","bangalore","West Bangalore","bellandur",12.93203896,77.67675401,1200,3000,"NA","NA","NA","3","1","2","0","covered",12500000,"ready_to_move","resale","yes","yes","both","east","east","vitrified_tiles","semi",2012,3.571428571
117,"sell","independent_house","bangalore","West Bangalore","bellandur",12.93267975,77.68246875,1100,1650,"NA","NA","NA","2","1","1","0","covered",6875000,"ready_to_move","resale","yes","yes","both","west","north","marble","semi",2013,5
118,"sell","independent_house","bangalore","West Bangalore","bellandur",12.92303592,77.68387072,600,1200,"NA","NA","NA","2","2","0","0","covered",5e+06,"ready_to_move","new","yes","yes","both","east","east","vitrified_tiles","semi",2011,2.857142857
119,"sell","independent_house","bangalore","West Bangalore","bellandur",12.91990451,77.68423913,1200,3600,"NA","NA","NA","3","1","1","1","covered",1.5e+07,"ready_to_move","resale","no","yes","both","south","east","vitrified_tiles","semi",2008,2.857142857
120,"sell","independent_house","bangalore","West Bangalore","bellandur",12.92566409,77.68605728,550,550,"NA","NA","NA","1","1","0","0","open",2291666.667,"ready_to_move","resale","yes","yes","both","south","west","vitrified_tiles","semi",2010,3.571428571
121,"sell","apartment","bangalore","East Bangalore","brookefield",12.96754231,77.71350901,550,471,"1","1","1","NA","NA","NA","NA","covered",2569090.909,"ready_to_move","resale","yes","yes","both","west","south","vitrified_tiles","semi",2010,7.142857143
122,"sell","apartment","bangalore","East Bangalore","brookefield",12.96921925,77.71590155,1800,1723,"3","1","2","NA","NA","NA","NA","open",9398181.818,"ready_to_move","resale","yes","yes","both","east","west","vitrified_tiles","semi",2013,5.714285714
123,"sell","apartment","bangalore","East Bangalore","brookefield",12.97298868,77.71420257,1100,1032,"2","2","1","NA","NA","NA","NA","covered",5629090.909,"ready_to_move","resale","yes","yes","both","east","south","vitrified_tiles","semi",2008,5
124,"sell","apartment","bangalore","East Bangalore","brookefield",12.96352984,77.72701723,1650,1585,"3","1","2","NA","NA","NA","NA","covered",8645454.545,"ready_to_move","new","yes","yes","both","south","west","vitrified_tiles","semi",2008,1.428571429
125,"sell","apartment","bangalore","East Bangalore","brookefield",12.96070343,77.71605997,1200,1140,"2","2","1","NA","NA","NA","NA","covered",6218181.818,"ready_to_move","resale","no","yes","both","west","south","vitrified_tiles","semi",2008,8.571428571
126,"sell","apartment","bangalore","East Bangalore","brookefield",12.96241597,77.72838098,500,432,"1","1","1","NA","NA","NA","NA","covered",2356363.636,"ready_to_move","resale","yes","yes","both","south","east","vitrified_tiles","semi",2013,1.428571429
127,"sell","independent_house","bangalore","East Bangalore","brookefield",12.97316778,77.71391839,500,500,"NA","NA","NA","1","1","0","0","covered",2083333.333,"ready_to_move","resale","yes","yes","both","south","south","vitrified_tiles","semi",2010,5
128,"sell","independent_house","bangalore","East Bangalore","brookefield",12.9743058,77.72206068,1200,3600,"NA","NA","NA","3","1","1","1","covered",1.5e+07,"ready_to_move","resale","yes","yes","both","west","south","marble","semi",2011,1.428571429
129,"sell","independent_house","bangalore","East Bangalore","brookefield",12.96612058,77.71829639,1200,3000,"NA","NA","NA","3","1","2","0","covered",12500000,"ready_to_move","resale","no","yes","both","north","north","vitrified_tiles","semi",2008,7.857142857
130,"sell","independent_house","bangalore","East Bangalore","brookefield",12.96276555,77.71964572,1000,1500,"NA","NA","NA","2","1","1","0","open",6250000,"ready_to_move","resale","yes","yes","both","north","east","vitrified_tiles","semi",2008,4.285714286
131,"sell","independent_house","bangalore","East Bangalore","brookefield",12.96093103,77.71961575,500,1000,"NA","NA","NA","2","2","0","0","covered",4166666.667,"ready_to_move","new","yes","yes","both","south","south","marble","semi",2011,7.857142857
132,"sell","independent_house","bangalore","East Bangalore","brookefield",12.97471177,77.72101326,550,550,"NA","NA","NA","1","1","0","0","covered",2291666.667,"ready_to_move","resale","yes","yes","both","west","north","vitrified_tiles","semi",2009,0
133,"sell","apartment","bangalore","West Bangalore","sarjapur_road",12.85661093,77.78090382,1200,1125,"2","2","1","NA","NA","NA","NA","open",5522727.273,"ready_to_move","resale","yes","yes","both","south","north","vitrified_tiles","semi",2007,2.142857143
134,"sell","apartment","bangalore","West Bangalore","sarjapur_road",12.85884545,77.78531018,1800,1736,"3","1","2","NA","NA","NA","NA","covered",8522181.818,"ready_to_move","resale","yes","yes","both","east","south","vitrified_tiles","semi",2009,7.857142857
135,"sell","apartment","bangalore","West Bangalore","sarjapur_road",12.86114372,77.78116296,500,443,"1","1","1","NA","NA","NA","NA","covered",2174727.273,"ready_to_move","resale","yes","yes","both","east","east","marble","semi",2010,7.142857143
136,"sell","apartment","bangalore","West Bangalore","sarjapur_road",12.86089726,77.78364678,1100,1028,"2","2","1","NA","NA","NA","NA","covered",5046545.455,"ready_to_move","resale","yes","yes","both","west","north","vitrified_tiles","semi",2008,7.142857143
137,"sell","apartment","bangalore","West Bangalore","sarjapur_road",12.85850354,77.78574346,1500,1442,"3","1","2","NA","NA","NA","NA","covered",7078909.091,"ready_to_move","new","yes","yes","both","south","south","vitrified_tiles","semi",2012,6.428571429
138,"sell","apartment","bangalore","West Bangalore","sarjapur_road",12.85820548,77.78683007,1000,934,"2","2","1","NA","NA","NA","NA","covered",4585090.909,"ready_to_move","new","no","yes","both","west","south","marble","semi",2011,5
139,"sell","independent_house","bangalore","West Bangalore","sarjapur_road",12.85917782,77.78159037,600,600,"NA","NA","NA","1","1","0","0","covered",2250000,"ready_to_move","resale","yes","yes","both","west","north","vitrified_tiles","semi",2012,7.142857143
140,"sell","independent_house","bangalore","West Bangalore","sarjapur_road",12.85791812,77.78688504,500,1000,"NA","NA","NA","2","2","0","0","covered",3750000,"ready_to_move","resale","yes","yes","both","south","west","marble","semi",2009,5
141,"sell","independent_house","bangalore","West Bangalore","sarjapur_road",12.86030662,77.78614204,1200,3600,"NA","NA","NA","3","1","1","1","covered",13500000,"ready_to_move","resale","yes","yes","both","west","north","vitrified_tiles","semi",2007,5
142,"sell","independent_house","bangalore","West Bangalore","sarjapur_road",12.85804484,77.78567333,1100,2750,"NA","NA","NA","3","1","2","0","covered",10312500,"ready_to_move","resale","yes","yes","both","south","north","vitrified_tiles","semi",2009,5
143,"sell","independent_house","bangalore","West Bangalore","sarjapur_road",12.8628951,77.78031145,1000,1500,"NA","NA","NA","2","1","1","0","covered",5625000,"ready_to_move","new","yes","yes","both","south","south","vitrified_tiles","semi",2007,4.285714286
144,"sell","independent_house","bangalore","West Bangalore","sarjapur_road",12.85721297,77.78465931,1000,3500,"NA","NA","NA","4","1","3","0","open",13125000,"ready_to_move","resale","yes","yes","both","south","south","vitrified_tiles","semi",2011,2.857142857
145,"sell","apartment","bangalore","East Bangalore","kr_puram",13.01058416,77.74223654,600,526,"1","1","1","NA","NA","NA","NA","covered",2869090.909,"ready_to_move","resale","yes","yes","both","west","north","marble","semi",2012,0
146,"sell","apartment","bangalore","East Bangalore","kr_puram",13.01818722,77.7161754,1200,1148,"2","2","1","NA","NA","NA","NA","covered",6261818.182,"ready_to_move","resale","yes","yes","both","west","east","vitrified_tiles","semi",2007,0
147,"sell","apartment","bangalore","East Bangalore","kr_puram",13.0133107,77.7142001,600,541,"1","1","1","NA","NA","NA","NA","open",2950909.091,"ready_to_move","resale","yes","yes","both","north","north","marble","semi",2015,0
148,"sell","apartment","bangalore","East Bangalore","kr_puram",13.01288049,77.68951215,500,446,"1","1","1","NA","NA","NA","NA","covered",2432727.273,"ready_to_move","resale","yes","yes","both","north","north","vitrified_tiles","semi",2007,0
149,"sell","apartment","bangalore","East Bangalore","kr_puram",13.00717126,77.73263548,1500,1450,"3","1","2","NA","NA","NA","NA","covered",7909090.909,"ready_to_move","resale","yes","yes","both","west","north","vitrified_tiles","semi",2008,0
150,"sell","apartment","bangalore","East Bangalore","kr_puram",13.01228491,77.68807231,1800,1743,"3","1","2","NA","NA","NA","NA","covered",9507272.727,"ready_to_move","new","no","yes","both","west","east","marble","semi",2009,0
151,"sell","independent_house","bangalore","East Bangalore","kr_puram",13.01633351,77.73744475,1000,3000,"NA","NA","NA","4","2","2","0","covered",12500000,"ready_to_move","resale","yes","yes","both","south","west","vitrified_tiles","semi",2015,0
152,"sell","independent_house","bangalore","East Bangalore","kr_puram",13.00850843,77.69781248,600,600,"NA","NA","NA","1","1","0","0","covered",2500000,"ready_to_move","resale","yes","yes","both","west","north","vitrified_tiles","semi",2011,0
153,"sell","independent_house","bangalore","East Bangalore","kr_puram",13.01510419,77.73571594,1200,1800,"NA","NA","NA","2","1","1","0","covered",7500000,"ready_to_move","new","yes","yes","both","south","south","marble","semi",2007,0
154,"sell","independent_house","bangalore","East Bangalore","kr_puram",13.01092181,77.71491842,1000,1500,"NA","NA","NA","2","1","1","0","covered",6250000,"ready_to_move","resale","no","yes","both","west","west","vitrified_tiles","semi",2010,0
155,"sell","independent_house","bangalore","East Bangalore","kr_puram",13.01564865,77.75980693,1200,1800,"NA","NA","NA","2","1","1","0","covered",7500000,"ready_to_move","resale","yes","yes","both","east","west","vitrified_tiles","semi",2014,0
156,"sell","independent_house","bangalore","East Bangalore","kr_puram",13.01781355,77.69245439,1100,2750,"NA","NA","NA","3","1","2","0","open",11458333.33,"ready_to_move","resale","yes","yes","both","east","west","vitrified_tiles","semi",2007,0
157,"sell","apartment","bangalore","North Bangalore","hebbal",13.03869098,77.5917162,500,445,"1","1","1","NA","NA","NA","NA","covered",3155454.545,"ready_to_move","resale","yes","yes","both","east","west","marble","semi",2012,0
158,"sell","apartment","bangalore","North Bangalore","hebbal",13.03729325,77.59726546,600,534,"1","1","1","NA","NA","NA","NA","open",3786545.455,"ready_to_move","resale","yes","yes","both","west","north","vitrified_tiles","semi",2010,0
159,"sell","apartment","bangalore","North Bangalore","hebbal",13.03748967,77.59644551,1500,1425,"3","1","2","NA","NA","NA","NA","open",10104545.45,"ready_to_move","new","no","yes","both","west","east","vitrified_tiles","semi",2012,0
160,"sell","apartment","bangalore","North Bangalore","hebbal",13.03846448,77.590152,1000,928,"2","2","1","NA","NA","NA","NA","covered",6580363.636,"ready_to_move","resale","yes","yes","both","west","south","marble","semi",2011,0
161,"sell","apartment","bangalore","North Bangalore","hebbal",13.0376962,77.59335054,600,523,"1","1","1","NA","NA","NA","NA","covered",3708545.455,"ready_to_move","new","yes","yes","both","west","north","vitrified_tiles","semi",2011,0
162,"sell","apartment","bangalore","North Bangalore","hebbal",13.03974885,77.60759332,500,436,"1","1","1","NA","NA","NA","NA","covered",3091636.364,"ready_to_move","resale","yes","yes","both","west","north","marble","semi",2013,0
163,"sell","independent_house","bangalore","North Bangalore","hebbal",13.03750179,77.60748527,1000,2500,"NA","NA","NA","2","0","1","1","covered",13541666.67,"ready_to_move","resale","no","yes","both","west","east","vitrified_tiles","semi",2010,0
164,"sell","independent_house","bangalore","North Bangalore","hebbal",13.03881721,77.59725667,1000,2500,"NA","NA","NA","3","1","2","0","covered",13541666.67,"ready_to_move","resale","yes","yes","both","west","south","marble","semi",2015,0
165,"sell","independent_house","bangalore","North Bangalore","hebbal",13.03936192,77.60912001,500,500,"NA","NA","NA","1","1","0","0","covered",2708333.333,"ready_to_move","resale","yes","yes","both","north","west","vitrified_tiles","semi",2010,0
166,"sell","independent_house","bangalore","North Bangalore","hebbal",13.03832457,77.60386554,500,500,"NA","NA","NA","1","1","0","0","covered",2708333.333,"ready_to_move","resale","yes","yes","both","west","east","vitrified_tiles","semi",2009,0
167,"sell","independent_house","bangalore","North Bangalore","hebbal",13.03773101,77.59196606,1100,3300,"NA","NA","NA","4","2","2","0","covered",17875000,"ready_to_move","new","yes","yes","both","west","south","marble","semi",2007,0
168,"sell","independent_house","bangalore","North Bangalore","hebbal",13.03693087,77.59889744,1200,3600,"NA","NA","NA","3","1","1","1","covered",19500000,"ready_to_move","resale","no","yes","both","south","east","vitrified_tiles","semi",2011,1.428571429
169,"sell","apartment","bangalore","North Bangalore","ramamurthy_nagar",13.01516181,77.67135895,1500,1440,"3","1","2","NA","NA","NA","NA","covered",8640000,"ready_to_move","resale","no","yes","both","south","south","vitrified_tiles","semi",2007,0
170,"sell","apartment","bangalore","North Bangalore","ramamurthy_nagar",13.0152461,77.66635148,600,543,"1","1","1","NA","NA","NA","NA","open",3258000,"ready_to_move","resale","yes","yes","both","south","north","vitrified_tiles","semi",2014,0
171,"sell","apartment","bangalore","North Bangalore","ramamurthy_nagar",13.01871882,77.66797315,1200,1130,"2","2","1","NA","NA","NA","NA","covered",6780000,"ready_to_move","resale","yes","yes","both","south","south","vitrified_tiles","semi",2014,0
172,"sell","apartment","bangalore","North Bangalore","ramamurthy_nagar",13.01539512,77.67863206,1500,1420,"3","1","2","NA","NA","NA","NA","covered",8520000,"ready_to_move","resale","yes","yes","both","west","west","marble","semi",2007,0
173,"sell","apartment","bangalore","North Bangalore","ramamurthy_nagar",13.01669027,77.66528808,500,425,"1","1","1","NA","NA","NA","NA","open",2550000,"ready_to_move","resale","yes","yes","both","west","east","vitrified_tiles","semi",2007,0
174,"sell","apartment","bangalore","North Bangalore","ramamurthy_nagar",13.01625719,77.67617322,1000,920,"2","2","1","NA","NA","NA","NA","covered",5520000,"ready_to_move","new","yes","yes","both","north","south","vitrified_tiles","semi",2007,0
175,"sell","independent_house","bangalore","North Bangalore","ramamurthy_nagar",13.01551854,77.68852153,1200,4200,"NA","NA","NA","4","1","3","0","covered",19250000,"ready_to_move","resale","yes","yes","both","south","east","vitrified_tiles","semi",2012,0
176,"sell","independent_house","bangalore","North Bangalore","ramamurthy_nagar",13.01669553,77.68921486,500,500,"NA","NA","NA","1","1","0","0","covered",2291666.667,"ready_to_move","resale","yes","yes","both","west","north","vitrified_tiles","semi",2007,0
177,"sell","independent_house","bangalore","North Bangalore","ramamurthy_nagar",13.01911394,77.67616269,1200,3600,"NA","NA","NA","3","1","1","1","open",16500000,"ready_to_move","resale","no","yes","both","north","south","vitrified_tiles","semi",2009,0
178,"sell","independent_house","bangalore","North Bangalore","ramamurthy_nagar",13.01602184,77.68618253,1200,3600,"NA","NA","NA","3","1","1","1","covered",16500000,"ready_to_move","new","yes","yes","both","west","north","marble","semi",2008,0
179,"sell","independent_house","bangalore","North Bangalore","ramamurthy_nagar",13.01907117,77.67943677,1000,1500,"NA","NA","NA","2","1","1","0","covered",6875000,"ready_to_move","resale","yes","yes","both","west","south","vitrified_tiles","semi",2011,0
180,"sell","independent_house","bangalore","North Bangalore","ramamurthy_nagar",13.01730531,77.67231536,600,600,"NA","NA","NA","1","1","0","0","covered",2750000,"ready_to_move","resale","yes","yes","both","west","east","vitrified_tiles","semi",2009,0
181,"sell","apartment","bangalore","East Bangalore","mahadevapura",12.98616678,77.67087003,600,523,"1","1","1","NA","NA","NA","NA","covered",3138000,"ready_to_move","resale","yes","yes","both","north","east","marble","semi",2013,0
182,"sell","apartment","bangalore","East Bangalore","mahadevapura",12.99003347,77.67268811,1200,1121,"2","2","1","NA","NA","NA","NA","covered",6726000,"ready_to_move","resale","yes","yes","both","south","west","vitrified_tiles","semi",2011,0
183,"sell","apartment","bangalore","East Bangalore","mahadevapura",12.99237678,77.69711473,550,486,"1","1","1","NA","NA","NA","NA","covered",2916000,"ready_to_move","new","yes","yes","both","east","south","vitrified_tiles","semi",2007,0
184,"sell","apartment","bangalore","East Bangalore","mahadevapura",12.98840062,77.67187601,1200,1144,"2","2","1","NA","NA","NA","NA","covered",6864000,"ready_to_move","resale","no","yes","both","east","west","marble","semi",2010,0
185,"sell","apartment","bangalore","East Bangalore","mahadevapura",12.99047045,77.69503285,550,499,"1","1","1","NA","NA","NA","NA","covered",2994000,"ready_to_move","new","yes","yes","both","south","south","vitrified_tiles","semi",2011,0
186,"sell","apartment","bangalore","East Bangalore","mahadevapura",12.98989054,77.67400919,1500,1450,"3","1","2","NA","NA","NA","NA","covered",8700000,"ready_to_move","new","yes","yes","both","south","west","vitrified_tiles","semi",2007,0
187,"sell","independent_house","bangalore","East Bangalore","mahadevapura",12.98882588,77.69621326,600,600,"NA","NA","NA","1","1","0","0","covered",2750000,"ready_to_move","resale","no","yes","both","east","south","vitrified_tiles","semi",2011,0
188,"sell","independent_house","bangalore","East Bangalore","mahadevapura",12.98596183,77.68059975,1000,3000,"NA","NA","NA","4","2","2","0","covered",13750000,"ready_to_move","resale","no","yes","both","east","west","marble","semi",2012,0
189,"sell","independent_house","bangalore","East Bangalore","mahadevapura",12.98820664,77.68467899,1200,3000,"NA","NA","NA","3","1","2","0","open",13750000,"ready_to_move","new","yes","yes","both","north","west","vitrified_tiles","semi",2007,0
190,"sell","independent_house","bangalore","East Bangalore","mahadevapura",12.98682432,77.70343064,1000,2500,"NA","NA","NA","2","0","1","1","covered",11458333.33,"ready_to_move","resale","yes","yes","both","west","east","marble","semi",2009,0
191,"sell","independent_house","bangalore","East Bangalore","mahadevapura",12.9927339,77.69290032,1200,1800,"NA","NA","NA","2","1","1","0","covered",8250000,"ready_to_move","resale","yes","yes","both","south","west","vitrified_tiles","semi",2007,0
192,"sell","independent_house","bangalore","East Bangalore","mahadevapura",12.99343517,77.67541217,1200,3000,"NA","NA","NA","3","1","2","0","covered",13750000,"ready_to_move","resale","yes","yes","both","south","east","vitrified_tiles","semi",2009,0
193,"sell","apartment","bangalore","South Bangalore","kanakapura_road",12.54710229,77.42079493,500,421,"1","1","1","NA","NA","NA","NA","covered",1837090.909,"ready_to_move","new","yes","yes","both","west","east","vitrified_tiles","semi",2009,0
194,"sell","apartment","bangalore","South Bangalore","kanakapura_road",12.55338368,77.42376134,1100,1037,"2","2","1","NA","NA","NA","NA","covered",4525090.909,"ready_to_move","resale","no","yes","both","north","south","vitrified_tiles","semi",2009,1.428571429
195,"sell","apartment","bangalore","South Bangalore","kanakapura_road",12.54348998,77.42441233,500,423,"1","1","1","NA","NA","NA","NA","covered",1845818.182,"ready_to_move","new","yes","yes","both","east","north","marble","semi",2011,0
196,"sell","apartment","bangalore","South Bangalore","kanakapura_road",12.54579676,77.42215253,1000,927,"2","2","1","NA","NA","NA","NA","covered",4045090.909,"ready_to_move","resale","yes","yes","both","east","north","vitrified_tiles","semi",2012,0
197,"sell","apartment","bangalore","South Bangalore","kanakapura_road",12.53278115,77.42282035,600,547,"1","1","1","NA","NA","NA","NA","covered",2386909.091,"ready_to_move","resale","no","yes","both","north","north","vitrified_tiles","semi",2009,0
198,"sell","apartment","bangalore","South Bangalore","kanakapura_road",12.54512342,77.41822564,1500,1432,"3","1","2","NA","NA","NA","NA","covered",6248727.273,"ready_to_move","resale","yes","yes","both","south","west","marble","semi",2008,0
199,"sell","independent_house","bangalore","South Bangalore","kanakapura_road",12.54722403,77.41972462,1200,3000,"NA","NA","NA","3","1","2","0","open",1e+07,"ready_to_move","new","yes","yes","both","west","east","vitrified_tiles","semi",2012,0
200,"sell","independent_house","bangalore","South Bangalore","kanakapura_road",12.54388894,77.42046922,1000,1000,"NA","NA","NA","1","0","1","0","covered",3333333.333,"ready_to_move","resale","yes","yes","both","east","south","marble","semi",2009,0
201,"sell","independent_house","bangalore","South Bangalore","kanakapura_road",12.54412328,77.41969751,1200,3600,"NA","NA","NA","3","1","1","1","covered",1.2e+07,"ready_to_move","resale","yes","yes","both","north","west","vitrified_tiles","semi",2009,0
202,"sell","independent_house","bangalore","South Bangalore","kanakapura_road",12.53532777,77.42225115,1200,3600,"NA","NA","NA","4","2","2","0","covered",1.2e+07,"ready_to_move","resale","yes","yes","both","west","north","marble","semi",2014,0
203,"sell","independent_house","bangalore","South Bangalore","kanakapura_road",12.54632736,77.42434724,1200,1200,"NA","NA","NA","1","0","1","0","covered",4e+06,"ready_to_move","resale","no","yes","both","west","north","vitrified_tiles","semi",2014,0.714285714
204,"sell","independent_house","bangalore","South Bangalore","kanakapura_road",12.53729178,77.42355158,1100,1100,"NA","NA","NA","1","0","1","0","covered",3666666.667,"ready_to_move","new","yes","yes","both","south","west","vitrified_tiles","semi",2009,0
205,"sell","apartment","bangalore","North Bangalore","horamavu",13.02662814,77.66004571,500,433,"1","1","1","NA","NA","NA","NA","open",2598000,"ready_to_move","resale","yes","yes","both","east","west","marble","semi",2014,0
206,"sell","apartment","bangalore","North Bangalore","horamavu",13.03621562,77.66741805,1800,1727,"3","1","2","NA","NA","NA","NA","covered",10362000,"ready_to_move","resale","yes","yes","both","north","north","vitrified_tiles","semi",2007,0
207,"sell","apartment","bangalore","North Bangalore","horamavu",13.03662567,77.6569603,1000,926,"2","2","1","NA","NA","NA","NA","covered",5556000,"ready_to_move","new","no","yes","both","west","south","vitrified_tiles","semi",2009,0
208,"sell","apartment","bangalore","North Bangalore","horamavu",13.02940872,77.6576935,1500,1439,"3","1","2","NA","NA","NA","NA","covered",8634000,"ready_to_move","resale","yes","yes","both","east","east","vitrified_tiles","semi",2009,0
209,"sell","apartment","bangalore","North Bangalore","horamavu",13.03787549,77.65889301,1100,1032,"2","2","1","NA","NA","NA","NA","covered",6192000,"ready_to_move","new","yes","yes","both","south","north","vitrified_tiles","semi",2009,0
210,"sell","apartment","bangalore","North Bangalore","horamavu",13.02695974,77.6580497,600,547,"1","1","1","NA","NA","NA","NA","covered",3282000,"ready_to_move","resale","yes","yes","both","north","west","vitrified_tiles","semi",2007,0
211,"sell","independent_house","bangalore","North Bangalore","horamavu",13.02428831,77.65570449,1200,1800,"NA","NA","NA","2","1","1","0","covered",8250000,"ready_to_move","resale","yes","yes","both","north","south","marble","semi",2011,0
212,"sell","independent_house","bangalore","North Bangalore","horamavu",13.02060188,77.66275811,1200,1200,"NA","NA","NA","1","0","1","0","covered",5500000,"ready_to_move","resale","no","yes","both","north","south","vitrified_tiles","semi",2012,0
213,"sell","independent_house","bangalore","North Bangalore","horamavu",13.0445417,77.66633644,1200,3600,"NA","NA","NA","4","2","2","0","open",16500000,"ready_to_move","new","yes","yes","both","east","south","marble","semi",2015,0
214,"sell","independent_house","bangalore","North Bangalore","horamavu",13.03958191,77.6637987,1200,3000,"NA","NA","NA","3","1","2","0","covered",13750000,"ready_to_move","resale","yes","yes","both","south","north","marble","semi",2007,0
215,"sell","independent_house","bangalore","North Bangalore","horamavu",13.03103754,77.6565897,1200,3000,"NA","NA","NA","2","0","1","1","covered",13750000,"ready_to_move","resale","yes","yes","both","east","north","vitrified_tiles","semi",2008,0
216,"sell","independent_house","bangalore","North Bangalore","horamavu",13.03563296,77.66135604,1000,1500,"NA","NA","NA","2","1","1","0","open",6875000,"ready_to_move","resale","no","yes","both","east","north","vitrified_tiles","semi",2007,0
217,"sell","independent_house","bangalore","south","jayanagar",12.918845,77.593042,1000,800,"NA","NA","NA","3","1","1","1","covered",6e+06,"ready_to_move","resale","yes","yes","Select Water Source","east","east","vitrified_tiles","semi",2012,8.57142857142857
218,"sell","apartment","bangalore","south","jayanagar",12.918573,77.59331,1200,800,"2","2","2","NA","NA","NA","NA","covered",5e+06,"ready_to_move","resale","yes","yes","Select Water Source","east","east","vitrified_tiles","semi",2012,8.57142857142857
